{
  "yunhe|大运河森林公园": [
    116.73176,
    39.87838
  ],
  "yunhe|城市绿心森林公园": [
    116.721347,
    39.872046
  ],
  "yunhe|北京市人民政府": [
    116.718475,
    39.903905
  ],
  "yunhe|北京学校": [
    116.74284,
    39.891791
  ],
  "yunhe|张家湾设计小镇": [
    116.718195,
    39.850893
  ],
  "yizhuang_bda|博大公园": [
    116.496305,
    39.796899
  ],
  "lugu|石景山医院": [
    116.207159,
    39.904685
  ],
  "pingguoyuan|模式口": [
    116.149781,
    39.932315
  ],
  "dahongmen|南苑森林湿地公园": [
    116.372022,
    39.815363
  ],
  "daxing_huangcun|念坛公园": [
    116.31536,
    39.706358
  ],
  "daxing_huangcun|北京印刷学院": [
    116.323216,
    39.743261
  ],
  "yuanboyuan|北京园博园": [
    116.182631,
    39.874482
  ],
  "yuanboyuan|园博湖": [
    116.193282,
    39.872651
  ],
  "qinghe|小米科技园": [
    116.311213,
    40.046433
  ],
  "qinghe|北京语言大学": [
    116.339135,
    39.991676
  ],
  "lize|莲花池公园": [
    116.309391,
    39.890775
  ],
  "gaobeidian|中国传媒大学": [
    116.552101,
    39.91164
  ],
  "gaobeidian|庆丰公园": [
    116.455209,
    39.901899
  ],
  "cbd_baiziwan|朝阳公园": [
    116.472456,
    39.93195
  ],
  "gongti_sanlitun|北京工人体育场": [
    116.440997,
    39.9295
  ],
  "gongti_sanlitun|团结湖公园": [
    116.460877,
    39.923867
  ]
}